firstName,lastName,githubUsername,email,gender,background,CohortId
Test,Testerson,ttesterson123,ttesterson123@gmail.com,male,Black,1
Testella,Tester,ttester123,ttester1423@gmail.com,female,White,1
Tessa,Testa,ttesta123,ttesta123@gmail.com,female,Mixed or Multiple Ethnic Groups,1
Tessa,Testa,ttesta123,ttesta123@gmail.com,female,Mixed or Multiple Ethnic Groups,1
Tessa,Testa,ttesta123,ttesta124@gmail.com,female,Mixed or Multiple Ethnic Groups,1
Tessa,Testa,ttesta123,ttesta125@gmail.com,female,Mixed or Multiple Ethnic Groups,1
Tessa,Testa,ttesta123,ttesta126@gmail.com,female,Mixed or Multiple Ethnic Groups,1
Tessa,Testa,ttesta123,ttesta1273@gmail.com,female,Mixed or Multiple Ethnic Groups,1
Tessa,Testa,ttesta123,ttesta1238@gmail.com,female,Mixed or Multiple Ethnic Groups,1
Tessa,Testa,ttesta123,ttesta1239@gmail.com,female,Mixed or Multiple Ethnic Groups,1
Tessa,Testa,ttesta123,ttesta1230@gmail.com,female,Mixed or Multiple Ethnic Groups,1
Tessa,Testa,ttesta123,ttesta12311@gmail.com,female,Mixed or Multiple Ethnic Groups,1
Tessa,Testa,ttesta123,ttesta12312@gmail.com,female,Mixed or Multiple Ethnic Groups,1
Tessa,Testa,ttesta123,ttesta12313@gmail.com,female,Mixed or Multiple Ethnic Groups,1
Tessa,Testa,ttesta123,ttesta12314@gmail.com,female,Mixed or Multiple Ethnic Groups,1
Tessa,Testa,ttesta123,ttesta12315@gmail.com,female,Mixed or Multiple Ethnic Groups,1
Tessa,Testa,ttesta123,ttesta12316@gmail.com,female,Mixed or Multiple Ethnic Groups,1
Tessa,Testa,ttesta123,ttesta12317@gmail.com,female,Mixed or Multiple Ethnic Groups,1
Tessa,Testa,ttesta123,ttesta12318@gmail.com,female,Mixed or Multiple Ethnic Groups,1
Tessa,Testa,ttesta123,ttesta12319@gmail.com,female,Mixed or Multiple Ethnic Groups,1
Tessa,Testa,ttesta123,ttesta12320@gmail.com,female,Mixed or Multiple Ethnic Groups,1
Tessa,Testa,ttesta123,ttesta1123@gmail.com,female,Mixed or Multiple Ethnic Groups,1
Tessa,Testa,ttesta123,ttesta2123@gmail.com,female,Mixed or Multiple Ethnic Groups,1
Tessa,Testa,ttesta123,ttesta3123@gmail.com,female,Mixed or Multiple Ethnic Groups,1
Tessa,Testa,ttesta123,ttesta4123@gmail.com,female,Mixed or Multiple Ethnic Groups,1
Tessa,Testa,ttesta123,ttesta5123@gmail.com,female,Mixed or Multiple Ethnic Groups,1
Tessa,Testa,ttesta123,ttesta6123@gmail.com,female,Mixed or Multiple Ethnic Groups,1
Tessa,Testa,ttesta123,ttesta7123@gmail.com,female,Mixed or Multiple Ethnic Groups,1
Tessa,Testa,ttesta123,ttesta8123@gmail.com,female,Mixed or Multiple Ethnic Groups,1
Tessa,Testa,ttesta123,ttesta9123@gmail.com,female,Mixed or Multiple Ethnic Groups,1
Tessa,Testa,ttesta123,ttesta0123@gmail.com,female,Mixed or Multiple Ethnic Groups,1
Tessa,Testa,ttesta123,ttesta1123@gmail.com,female,Mixed or Multiple Ethnic Groups,1
Tessa,Testa,ttesta123,ttesta1223@gmail.com,female,Mixed or Multiple Ethnic Groups,1
Tessa,Testa,ttesta123,ttesta1323@gmail.com,female,Mixed or Multiple Ethnic Groups,1
Tessa,Testa,ttesta123,ttesta1423@gmail.com,female,Mixed or Multiple Ethnic Groups,1
Tessa,Testa,ttesta123,ttesta1523@gmail.com,female,Mixed or Multiple Ethnic Groups,1
Tessa,Testa,ttesta123,ttesta1623@gmail.com,female,Mixed or Multiple Ethnic Groups,1
Tessa,Testa,ttesta123,ttesta1723@gmail.com,female,Mixed or Multiple Ethnic Groups,1
Tessa,Testa,ttesta123,ttesta1823@gmail.com,female,Mixed or Multiple Ethnic Groups,1
Tessa,Testa,ttesta123,ttesta1923@gmail.com,female,Mixed or Multiple Ethnic Groups,1
Tessa,Testa,ttesta123,ttesta1023@gmail.com,female,Mixed or Multiple Ethnic Groups,1
Tessa,Testa,ttesta123,ttesta12113@gmail.com,female,Mixed or Multiple Ethnic Groups,1
Tessa,Testa,ttesta123,ttesta12123@gmail.com,female,Mixed or Multiple Ethnic Groups,1
Tessa,Testa,ttesta123,ttesta12133@gmail.com,female,Mixed or Multiple Ethnic Groups,1
Tessa,Testa,ttesta123,ttesta12143@gmail.com,female,Mixed or Multiple Ethnic Groups,1
Tessa,Testa,ttesta123,ttesta12153@gmail.com,female,Mixed or Multiple Ethnic Groups,1
Tessa,Testa,ttesta123,ttesta12163@gmail.com,female,Mixed or Multiple Ethnic Groups,1
Tessa,Testa,ttesta123,ttesta12173@gmail.com,female,Mixed or Multiple Ethnic Groups,1
Tessa,Testa,ttesta123,ttesta12183@gmail.com,female,Mixed or Multiple Ethnic Groups,1
Tessa,Testa,ttesta123,ttesta12193@gmail.com,female,Mixed or Multiple Ethnic Groups,1
Tessa,Testa,ttesta123,ttesta12203@gmail.com,female,Mixed or Multiple Ethnic Groups,1
Tessa,Testa,ttesta123,ttesta12213@gmail.com,female,Mixed or Multiple Ethnic Groups,1